{"cameraMode":{"drawMode":0,"name":"Shaded","section":"Shading Mode"},"sceneLighting":false,"audioPlay":false,"sceneViewState":{"m_AlwaysRefresh":false,"showFog":true,"showSkybox":false,"showFlares":true,"showImageEffects":true,"showParticleSystems":true,"showVisualEffectGraphs":true,"m_FxEnabled":true},"in2DMode":false,"pivot":{"x":7.152557373046875e-7,"y":0.8777623176574707,"z":-0.09572592377662659},"rotation":{"x":-0.000014244105841498822,"y":0.9999261498451233,"z":0.0011903393315151334,"w":0.012300834991037846},"size":1.2696521282196046,"orthographic":false}